{
  "tables": [
    {
      "tableName": "merchant",
      "columns": [
        {
          "name": "name",
          "dataType": "varchar(100)",
          "columnType": "label"
        },
        {
          "name": "image_url",
          "dataType": "varchar(500)",
          "columnType": "label"
        }
      ]
    },
    {
      "tableName": "integration",
      "columns": [
        {
          "name": "title",
          "dataType": "varchar(200)",
          "columnType": "label"
        },
        {
          "name": "body",
          "dataType": "text",
          "columnType": "content"
        }
      ]
    }
  ],
  "relations": [
    {
      "subject": "integration",
      "relation": "belongs_to",
      "object": "merchant"
    }
  ]
}
